Timestamp,Full Name,Department,Year of study ,Phone Number,Telegram Username,Are you a returning member or joining for the first time?,What genres or types of books excite you the most?,"Would you be interested in joining special events such as movie nights, campfires, and author sessions?"
10/3/2026 10:38:38,Kaleb Mesfin,"Software Engineering, Year 5",,+251953858131,,Returning Member,"Fiction, Non-Fiction, Mystery and Thriller, Sci-Fi and Fantasy, Romance, Biography and Memoir, History",Yes
10/3/2026 10:40:55,Meklit Atlaw ,Freshman ,,0949449649,,New Member,"Non-Fiction, Like a personal development books ",Maybe
10/3/2026 10:41:02,Barok Yeshiber ,Software engineering ,,0995219683,,Returning Member,"Fiction, Non-Fiction, Mystery and Thriller, Sci-Fi and Fantasy, Romance, History",Maybe
10/3/2026 10:41:16,Eyosiyas Alemayehu ,Software Engineering year,,0903768500,,Returning Member,Mystery and Thriller,Yes
10/3/2026 10:42:42,Biruk Andinet Dagnachew ,Freshman,,0918251542,,New Member,"Fiction, Romance",Yes
10/3/2026 10:48:02,Getnet Yideg,4th year SWE,,0910311506,,Returning Member,"Fiction, Mystery and Thriller, Sci-Fi and Fantasy, Romance, Biography and Memoir, History",Yes
10/3/2026 10:49:58,Fisehatsion Adisu,"Electrical, 4th",,0996683040,,Returning Member,"Non-Fiction, Biography and Memoir",Maybe
10/3/2026 10:52:05,Kenenisa Mengistu ,Freshman,,0920076112,,New Member,"Fiction, Non-Fiction, Mystery and Thriller, Sci-Fi and Fantasy",Maybe
10/3/2026 10:55:12,Tekeste,Freshman ,,0985790495,,New Member,Classical lit,Maybe
10/3/2026 10:56:44,Alemaw Wassie Tafere,civil engineering and 2nd year,,0909111090,,Returning Member,"Non-Fiction, Mystery and Thriller, Sci-Fi and Fantasy, Romance, Biography and Memoir",Yes
10/3/2026 10:59:32,Leul girma ,Freshman year,,998181894,,New Member,"Fiction, Romance",Maybe
10/3/2026 11:00:29,Bethlehem Asmamaw Birhanu ,Civil 4th year ,,0935231222,,New Member,Fiction,Yes
10/3/2026 11:02:14,Rabira Lachissa ,Freshman 2019,,0991188727,,New Member,"Mystery and Thriller, Sci-Fi and Fantasy",Yes
10/3/2026 11:06:13,Yididiya Abebe Wondimu,Applied Science and freshman ,,0988943949,,New Member,"Fiction, Mystery and Thriller, Sci-Fi and Fantasy, Romance",Maybe
10/3/2026 11:07:07,Mihret Abera ,Enginering and 1st year( freshman) ,,0950262652,,New Member,"Fiction, Non-Fiction, Mystery and Thriller, Sci-Fi and Fantasy, Romance, Biography and Memoir",Yes
10/3/2026 11:12:15,Nuhamin Nikodimos ,"Engineering, first year",,0955930084,,New Member,"Mystery and Thriller, Sci-Fi and Fantasy, Romance",Yes
10/3/2026 11:19:28,Hana Hailemichael Getinet ,Mechanical 2nd year ,,0964730248,,New Member,"Fiction, Mystery and Thriller, Sci-Fi and Fantasy, Romance",Yes
10/3/2026 11:27:13,Natnael Sebhat ,Software Engineering ,2nd year,0960722003,@Grayoot,New Member,"Fiction, Non-Fiction, Mystery and Thriller, Sci-Fi and Fantasy, Biography and Memoir",Yes
10/3/2026 11:29:20,Fahmi Rahmet,Software,4th year,0905338431,fahmirahmet@gmail.com,Returning Member,"Fiction, Non-Fiction, Mystery and Thriller, Sci-Fi and Fantasy, Romance, Biography and Memoir, History",Yes
10/3/2026 11:37:47,Yukabid ephre.,Mining,5th year,0988942771,@Lepdopterist,Returning Member,Romance,Yes
10/3/2026 11:48:42,Amanawit Behailu Geremew ,Software engineering ,4th year,0919134924,@yetelason,New Member,"Fiction, Mystery and Thriller, Sci-Fi and Fantasy, Biography and Memoir, History",Yes
10/3/2026 11:50:31,Christina Abraham ,Chemical,3rd year,0968462505,@chricti,New Member,"Fiction, Mystery and Thriller, Sci-Fi and Fantasy, Biography and Memoir, History",Yes
10/3/2026 11:57:02,Kalkidan Desalegne ,Engineering ,Fresh man,0957140299,Hikari_65,New Member,"Fiction, Mystery and Thriller, Romance",Maybe
10/3/2026 12:02:25,Eyob lakew ,Electrical ,3rd year,0994332758,@Ey40909,New Member,"Mystery and Thriller, Adventure history ",Yes
10/3/2026 12:04:06,Hanan Mohammed ,Environmental engineering ,2nd year,0981469579,@remz_354,Returning Member,Fiction,Yes
10/3/2026 12:04:16,Kedamawi Samuel,Chemical Eng,3rd year,0972287312,@Kduno7,Returning Member,"Fiction, Non-Fiction, Romance, History",Yes
10/3/2026 12:05:27,Christina tafesse shatta,Architecture ,2nd year,0964724840,@tinaye_ngu,Returning Member,Non-Fiction,Yes
10/3/2026 12:06:47,Hana Adare,Mechanical ,2nd year,0914129058,@Ecoesofsilence ,New Member,"Non-Fiction, Mystery and Thriller, Sci-Fi and Fantasy, Romance",Yes
10/3/2026 12:06:49,Gedewon Abate,Software,2nd year,0951165298,@Gedewon1,New Member,"Fiction, Non-Fiction, Mystery and Thriller, History, Psychology ,philosophy ",Yes
10/3/2026 12:08:47,Kuruzer Dereje,EME,2nd year,0905234279,@Getabalewhuluyihonal,New Member,"Fiction, Mystery and Thriller, Sci-Fi and Fantasy, Biography and Memoir, History, Psychology",Yes
10/3/2026 12:10:07,Muhammedjud Yishak Elias ,Mechanical engineering ,2nd year,0983802017,judy_man ,New Member,"Fiction, Non-Fiction, History",Maybe
10/3/2026 12:11:04,Meklit kassahun ,Software Engineering ,2nd year,0978783691,@Meklit9,New Member,"Fiction, Mystery and Thriller, Sci-Fi and practical",Yes
10/3/2026 12:25:00,Kibrna Moges,Environmental Engineering ,3rd year,0979317643,@rbnae,Returning Member,"Non-Fiction, Romance, Biography and Memoir",Yes
10/3/2026 12:28:50,Fuad yibrie,Software ,4th year,0903123495,@destinned,Returning Member,"Fiction, Romance, Light novels",Yes
10/3/2026 12:35:35,Mekdes Heyo ,Software Engineering ,2nd year,0932363591,@siparaaaaaaa,New Member,"Fiction, Mystery and Thriller, Romance",Yes
10/3/2026 12:36:58,Hana ketema ,Electromechanical engineering ,2nd year,0982694909,@Ar2temis,New Member,Mystery and Thriller,Maybe
10/3/2026 12:37:29,Eyerusalem Atnafu ,Software ,2nd year,0929521869,@jeab_06,New Member,"Fiction, Mystery and Thriller, Sci-Fi and Fantasy",Yes
10/3/2026 12:38:08,Hana ketema beyene ,Electromechanical engineering ,2nd year,0982694909,@Ar2temis,New Member,"Mystery and Thriller, History",Maybe
10/3/2026 12:48:50,fikremariam debela ,software ,4th year,0900466622,@fikretesfa20,New Member,"Fiction, Non-Fiction",Yes
10/3/2026 12:49:31,Mersinan Mekonen ,Software Engineering ,2nd year,0931119421,@he_paid_it_all,New Member,Sci-Fi and Fantasy,Yes
10/3/2026 12:52:10,Amanuel Ayele,Software ,4th year,0903383782,artorianx,Returning Member,"Fiction, Mystery and Thriller, Sci-Fi and Fantasy",Maybe
10/3/2026 13:00:12,Tsegaye Wolde,Applied science ,Fresh man,0946185144,@Tsewojesus,New Member,"Fiction, Non-Fiction, Mystery and Thriller, Sci-Fi and Fantasy, Romance, Biography and Memoir, History",No
10/3/2026 13:17:43,Abubeker ,Engeneering ,Fresh man,0966733789,@abubeker68,New Member,Mystery and Thriller,Maybe
10/3/2026 13:41:18,Mahlet Mulugeta ,FSAN,4th year,0996857813,@Mahi31397,Returning Member,"Fiction, Mystery and Thriller, Romance, History",Yes
10/3/2026 13:51:19,Selihom Solomon ,Applied Science ,Fresh man,0900478351,@faithrunner,New Member,"Fiction, Romance",Maybe
10/3/2026 13:54:38,Yishak haji sura,Freshman,Fresh man,0931528517,@hayis1,New Member,"Fiction, Biography and Memoir, History",Yes
10/3/2026 14:05:51,Yisihak shibiru,Freshman,Fresh man,0908537813,@Yisakshibiru,New Member,"Mystery and Thriller, ",Yes
10/3/2026 14:21:25,Ydidya Tadele ,Electrical and computer engineering ,2nd year,0961971933,@Hang_bird,New Member,"Fiction, Sci-Fi and Fantasy, Romance, History",Yes
10/3/2026 14:27:40,Firomsa Abdukadir Haji,Engineering,Fresh man,0962493404,@firooabdulkhan04,New Member,Mystery and Thriller,Yes
10/3/2026 14:31:30,Samuel Mengiste ,Freshman ,Fresh man,+251983046931,Bluenonize,New Member,"Fiction, Non-Fiction, Sci-Fi and Fantasy",Yes
10/3/2026 14:35:37,Bisrat Yiheyis,Freshman,Fresh man,0942735942,@Israt021,New Member,"Fiction, Mystery and Thriller, Sci-Fi and Fantasy, Romance",Maybe
10/3/2026 14:38:47,Makda Solomon Gebreegziabher,Software Engineering,4th year,+251947033824,@Ignite0_0,Returning Member,"Fiction, Non-Fiction, Mystery and Thriller, Sci-Fi and Fantasy, Romance, Biography and Memoir, History",Yes
10/3/2026 14:40:25,Abel Tesfaw Sileshie ,Industrial Chemistry ,4th year,0994005337,Abeltesfaw,New Member,"Fiction, Mystery and Thriller, History",Yes
10/3/2026 15:00:17,Loza Fekadeselassie,Engineering,Fresh man,0983308368,@Ninastgz,New Member,"Fiction, Mystery and Thriller",Yes
10/3/2026 15:05:56,Kaleb Asnake,Mechanical Engineering,2nd year,0918025182,@lisnayon,Returning Member,"Non-Fiction, Sci-Fi and Fantasy, Biography and Memoir",Yes
10/3/2026 15:06:48,Hayat Musema,Software eng,4th year,0962155346,@is_smiley,New Member,"Fiction, Non-Fiction, Sci-Fi and Fantasy",Maybe
10/3/2026 15:12:33,Yanet,Engineering,Fresh man,0987046080,@yan7504,New Member,"Fiction, Mystery and Thriller, Romance, Biography and Memoir, History",Yes
10/3/2026 15:12:42,Mahilet Andualem,software,3rd year,0940551678,@Mahilet_21,New Member,Fiction,Yes
10/3/2026 15:14:18,Yanet,Engineering,Fresh man,0987046080,@yan7504,New Member,"Fiction, Mystery and Thriller, Romance, Biography and Memoir, History",Yes
10/3/2026 15:24:35,BITANIYA ASSEGID ,Electrical and computer engineering ,2nd year,0984726599,@cris7_lin,New Member,"Fiction, Mystery and Thriller, Romance",Yes
10/3/2026 15:39:47,Abigiya hailu tilahun ,Applied science ,Fresh man,0964636497,@Abiguq,New Member,"Fiction, Mystery and Thriller, Sci-Fi and Fantasy, Romance",Maybe
10/3/2026 15:50:14,Enas Atham,Software,4th year,0939983591,@enuat1,New Member,"Non-Fiction, Sci-Fi and Fantasy",Yes
10/3/2026 15:51:00,Selam Dabi,Industrial Chemistry,4th year,0922000313,@selina_dabi,New Member,"Non-Fiction, Romance",Yes
10/3/2026 15:59:17,Tsion Samuel,Accounting and finance,4th year,+251985430333,@yotsionyon,New Member,Non-Fiction,Yes
10/3/2026 16:01:27,Shalom Aschalew Matthewos,Environmental Engineering ,2nd year,0924913454,@shally_aschalew,New Member,"Fiction, Mystery and Thriller, Romance, Biography and Memoir",
10/3/2026 16:02:13,Solomon Awgichew,Engineering ,Fresh man,0909783999,sela321u,New Member,"Non-Fiction, Mystery and Thriller, Biography and Memoir",Maybe
10/3/2026 16:14:22,Ezra Kasu,Civil Engineering ,4th year,938519569,@etimuu,New Member,Fiction,Yes
10/3/2026 16:21:29,Babila Mehamud Yusuf,1st year,Fresh man,0919814744,@Lilbabil1,New Member,Non-Fiction,Yes
10/3/2026 16:30:32,Bonsa mokonon ,Software engineer ,2nd year,0981235840,@jccc77,New Member,"Non-Fiction, ",No
10/3/2026 16:37:37,Dawit Beza,Software Engineering,4th year,0988577700,@theEngineerEth,New Member,Sci-Fi and Fantasy,Yes
10/3/2026 16:44:47,Bonsa mokonon Gudisa ,Software engineer ,2nd year,0981235840,@jcc77,New Member,Non-Fiction,No
10/3/2026 17:01:46,Zanawit abiy,Engineering,Fresh man,0933625828,@Zawita1213,New Member,"Mystery and Thriller, Biography and Memoir",
10/3/2026 17:01:47,Tsion Tsegaye ,Biotechnology ,3rd year,0900875459,@tsitsegaye,New Member,Fiction,Yes
10/3/2026 17:08:37,Awel Jemal ,Software engineering ,Fresh man,0913518546,Purposefulman1,New Member,"Fiction, Mystery and Thriller, Biography and Memoir, History",Maybe
10/3/2026 17:16:05,Kirubel ,Mechanical ,2nd year,0981583575,@KIRUBELABEBE,Returning Member,"Sci-Fi and Fantasy, History",Yes
10/3/2026 17:51:04,Paulos Elias Barata,Software,5th year,0972609046,@praefect,New Member,"Non-Fiction, Romance, Biography and Memoir, History",Maybe
10/3/2026 18:26:44,Aneni kidanu,Software engineering ,4th year,+251941126864,@missyulia_k,New Member,"Fiction, Mystery and Thriller, Sci-Fi and Fantasy, Romance",Yes
10/3/2026 18:57:51,Nardos Meressa ,Software Engineering ,4th year,0926436995,goodgrace7,New Member,"Fiction, Mystery and Thriller, Romance, Biography and Memoir",Yes
10/3/2026 19:01:51,Fikir Belay,Engineering,Fresh man,0929984357,@phykir,New Member,"Fiction, Sci-Fi and Fantasy, Romance, psychology",Maybe
10/3/2026 19:02:28,Yared Atrsaw Andargei,freshman engineering ,Fresh man,0982496365,@yared357,New Member,"Fiction, Non-Fiction, Mystery and Thriller",Yes
10/3/2026 19:25:09,Helen Tesfaye ,Swe,3rd year,0947981247,@ht09004 ,New Member,"Fiction, Mystery and Thriller, Romance",Yes
10/3/2026 20:00:56,Edilawit Legesse,Software Engineering ,3rd year,0909062602,@edelLg,New Member,"Fiction, Non-Fiction, Mystery and Thriller, Romance",Yes
10/3/2026 20:07:41,Bethel Amanuel,Food science ,3rd year,930307713,@kahramankizz,New Member,"Fiction, Non-Fiction, Romance, History",Yes
10/3/2026 20:53:22,Eldana Mekbib ,Software engineering ,2nd year,0927931477,n_o_o_b_1_2_3_g_o,New Member,"Fiction, Mystery and Thriller, Romance",Yes
10/3/2026 21:07:30,Yeshiwas Amare,Industrial Chemistry ,2nd year,+251963171103,@O_to_9,Returning Member,"Fiction, Non-Fiction, Mystery and Thriller",Maybe
10/3/2026 21:19:43,Nahom bona,Civil,4th year,0985677280,@Na78990,New Member,Non-Fiction,Yes
10/3/2026 22:31:13,Bethlehem Hailu Asmer,Software Engineering ,3rd year,+251963982771,@Kang_seoyeon,Returning Member,"Non-Fiction, Mystery and Thriller, Romance",Yes
10/3/2026 22:33:37,Efrata daniel bekele ,Biotechnology ,3rd year,992700209,@fufuyesayaye,New Member,"Fiction, ",Yes
10/3/2026 22:34:06,Ebise Endalew ,Electrical and Computer Engineering ,2nd year,0973261441,Jihyun_44 ,New Member,"Non-Fiction, Romance",Yes
10/3/2026 22:34:59,Wubshet Bewuket ,Fresh man ,Fresh man,09826238759,@alwaysD24,New Member,Biography and Memoir,Maybe
10/3/2026 22:35:02,yohannes damtew,electromechanical,5th year,0962171192,@joda321,New Member,Non-Fiction,Yes
10/3/2026 22:38:37,Dagmawit Sisay,Civil engineering ,2nd year,0961120014,@dagi_pb,New Member,"Fiction, Sci-Fi and Fantasy, Romance, History",Yes
10/3/2026 22:40:45,Nuhamin meri ,Engineer ,Fresh man,0965992528,@Emebetemaryam21N ,New Member,Fiction,Yes
10/3/2026 22:41:24,Kaleab Assefa ,Fresh,Fresh man,0977146244,@TheLostNazarene,New Member,Fiction,Yes
10/3/2026 22:42:56,Anteneh,civil,4th year,0960833760,@anteneh_tariku,New Member,Biography and Memoir,Yes
10/3/2026 22:43:36,Siham Abdulfetah Negash ,Chemical ,4th year,0919979452,@SiSi_hu,New Member,Sci-Fi and Fantasy,Yes
10/3/2026 22:43:40,Ebisa Abera ,Electromechanical engineering ,2nd year,0927405063,@ebo_Dream,New Member,Fiction,Yes
10/3/2026 22:43:58,Tewodros Alebaw Shibeshi ,Industrial chemistry ,2nd year,0923187047,@D_1227_evine,New Member,Non-Fiction,Yes
10/3/2026 22:47:45,Aymen Mustefa ,Civil Engineering ,4th year,0936656818,Caesar_Il,Returning Member,"Fiction, Non-Fiction, Mystery and Thriller, Sci-Fi and Fantasy, Biography and Memoir, History",Yes
10/3/2026 22:48:18,Tesnim Abdi ,Sweg,3rd year,0968472336,@tes7u,New Member,"Non-Fiction, Biography and Memoir",Yes
10/3/2026 22:54:52,Teshager Tesfaye ,Fresh,Fresh man,0987165770,@Compels_us,New Member,"Fiction, Non-Fiction, Mystery and Thriller, Sci-Fi and Fantasy, Biography and Memoir, ",Maybe
10/3/2026 22:55:04,Melaku Daba ,Applied ,Hydro,0954551549,@kenadaba,Returning Member,"Mystery and Thriller, Sci-Fi and Fantasy",Maybe
10/3/2026 22:58:47,Tehila Laikeselassie ,Industrial Chemistry ,Fresh man,0977279407,@hillaa44,New Member,"Fiction, Romance",Yes
10/3/2026 23:01:56,Bisrat Mulugeta ,Software engineering ,2nd year,0948046317,@blablubu,Returning Member,"Fiction, Romance",Yes
10/3/2026 23:12:24,Kewser Shamil ,Electromechanical ,2nd year,0912458000,@imutnib,Returning Member,"Fiction, Mystery and Thriller, Romance",Maybe
10/3/2026 23:15:34,Meron sisay,electromechanical engineering ,3rd year,0986530219,@Pleinelune6,New Member,self development books,Yes
10/3/2026 23:26:36,Ermiyas Bekele,Freshman Engineering ,Fresh man,0913028151,@Ermifit_124,New Member,"Fiction, History",No
10/3/2026 23:31:19,Kenean Ayalew Tadesse,Software engineering ,4th year,0905875453,@princessjaz1,New Member,"Fiction, Mystery and Thriller, Sci-Fi and Fantasy, Romance, Biography and Memoir",Yes
10/3/2026 23:38:19,Mahder Yonas,Freshman,Fresh man,0982166080,@mahideryo,New Member,"Fiction, Mystery and Thriller, Sci-Fi and Fantasy, Romance",Yes
10/3/2026 23:49:06,TSION yigzaw,Environmental ,4th year,0995886270,pattern_tsi,New Member,"Fiction, Classic ",Maybe
10/3/2026 23:57:59,Yesuneh Gizaw Kassaye,Artificial Intelligence,Fresh man,0902039208,Yesuneh172,New Member,"Fiction, Non-Fiction, Mystery and Thriller, Sci-Fi and Fantasy, Tech",Yes
10/4/2026 0:17:49,Ibtihal Ishak ,Applied science ,Fresh man,0977323333,@idA_ibtu,New Member,"Fiction, Mystery and Thriller, Romance, Biography and Memoir",Maybe
10/4/2026 0:35:22,Bezawit Tewodros,Electromechanical engineering ,2nd year,0905856236,@beb0502,New Member,Mystery and Thriller,Yes
10/4/2026 0:49:06,Feben Wossene ,Electrical and computer engineering ,2nd year,0986102010,@pheb_1 ,New Member,"Fiction, Romance",Yes
10/4/2026 1:15:30,Selam Deribe Teshome,Fresh man,Fresh man,0923949614,@solomina_20,New Member,"Fiction, Mystery and Thriller, Romance",Yes
10/4/2026 1:15:49,Abem Tekalgn,Applied science,Fresh man,0912968494,@abutekalgn,New Member,Mystery and Thriller,Yes
10/4/2026 2:00:00,Eleni Melaku,FSAN,4th year,+251979081666,@elleni_.m,New Member,"Fiction, Mystery and Thriller",Yes
10/4/2026 2:30:19,DIBORA DANIEL,CHEMICAL ENGINEERING,4th year,0983386729,@a_debbie_ak,New Member,"Fiction, SELF-HELP AND IMPROVEMENT BOOKS",Maybe
10/4/2026 3:08:28,Nahom Getu ,Electro mechanical ,3rd year,0983274245,Nah_05,New Member,"Fiction, Mystery and Thriller",Yes
10/4/2026 3:13:43,Hawi Berhanu Assefa ,Engineering ,Fresh man,0922345186,@hawib19,New Member,Fiction,Yes
10/4/2026 6:15:46,Saron Ayele ,Applied ,Fresh man,0913617058,@locked_2_lost,New Member,"Fiction, Romance",Yes
10/4/2026 6:23:10,Hanim Tefera,Engineering ,Fresh man,0985433033,T_Hanim,New Member,"Fiction, Mystery and Thriller, History",Maybe
10/4/2026 6:27:26,Nebiyu Biniyam Solomon ,SWE,2nd year,0984991186,@neba120199,New Member,"Fiction, Romance, History",Yes
10/4/2026 6:42:57,Ydidya Ermias kassaye ,Freshman ,Fresh man,0970416096,Yidu@2323 ,New Member,"Fiction, Mystery and Thriller, Romance",Yes
10/4/2026 6:47:36,Yohans Akinaw Belay ,Software engineering ,2nd year,0905333891,@virtue1227,New Member,"Non-Fiction, Biography and Memoir",Yes
10/4/2026 7:00:31,Rediet Ashenafi,Chemical engineering ,3rd year,0927734117,@Redietash,New Member,"Mystery and Thriller, Biography and Memoir, History",Yes
10/4/2026 7:00:31,Rita Bahru ,Engineering ,Fresh man,0994349562,@Emanuelbro,New Member,Sci-Fi and Fantasy,Maybe
10/4/2026 7:08:24,Natnael Abebaw,Engineering,Fresh man,0994056922,@nat_genz,New Member,Fiction,Yes
10/4/2026 7:53:59,Nurhusen Ahmed ,Geo,3rd year,0989714595,@Nur3husen,New Member,"Non-Fiction, Biography and Memoir, History, Self help",Maybe
10/4/2026 7:59:20,Tewodros,Engineering,Fresh man,0967276352,@Ende_gena,New Member,"Fiction, Mystery and Thriller, Sci-Fi and Fantasy, History",Yes
10/4/2026 8:08:41,Yordanos Behailu ,Engineering ,Fresh man,0974917515,PLAYBOIJORDAN ,New Member,"Fiction, Non-Fiction, Mystery and Thriller, Sci-Fi and Fantasy, Biography and Memoir, History, ",Yes
10/4/2026 8:16:07,Ermias Nigussie ,Engineering ,Fresh man,0998338627,@E12ric,New Member,Fiction,Yes
10/4/2026 8:32:33,Semir Ahmed Mohammed,Engineering,Fresh man,0982082940,@S6mit,New Member,"Fiction, History",Yes
10/4/2026 8:47:58,Rami eliyas,Engineering ,Fresh man,0980713182,coldram,New Member,"Fiction, History",Yes
10/4/2026 8:49:37,Rolih Degarege,EME,4th year,0938846732,@Beunpredictible,New Member,"Fiction, Non-Fiction, Mystery and Thriller, Sci-Fi and Fantasy, Romance, History",Yes
10/4/2026 8:55:34,Nuhamin Nikodimos ,Engineering ,Fresh man,0955930084,@nuhamin_susti,New Member,"Mystery and Thriller, Sci-Fi and Fantasy, Romance",Yes
10/4/2026 8:57:17,Eyosyas,Engineering,Fresh man,0901171604,@josiah_jh,New Member,"Non-Fiction, Personal development",Maybe
10/4/2026 9:06:04,Eyob Tesfaye,Fresh man,Fresh man,0909262797,@Hazlescareer,New Member,"Fiction, Mystery and Thriller, Romance, History",Yes
10/4/2026 9:15:42,Tigist Demelie ,Biotechnology ,Out of batch ,+251911159739,@ti_gi1,New Member,"Fiction, Mystery and Thriller, Romance",Yes
10/4/2026 9:16:23,Mahider sewagegn,Engineering ,Fresh man,0953124180,@Mahisew_23,New Member,"Fiction, Non-Fiction, Biography and Memoir, History",Yes
10/4/2026 9:23:29,Bethlehem Solomon,Environmental,5th year,0900608415,@bettySK,New Member,"Fiction, Non-Fiction, Mystery and Thriller, History",Maybe
10/4/2026 10:20:54,India Teshite ,Applied science ,Fresh man,0967483169,@rehumo,New Member,"Fiction, Non-Fiction, Mystery and Thriller, Biography and Memoir, Phycology, science, autobiography,self help, philosophy, religion ",Yes
10/4/2026 10:31:54,Gelila Melaku ,Software Engineering ,4th year,0987616747,@gelilaaah,New Member,"Fiction, Non-Fiction, Mystery and Thriller",Yes
10/4/2026 10:56:04,Finot solomon,Software engeneering,3rd year,0933417093,Finot,New Member,"Mystery and Thriller, Biography and Memoir",Maybe
10/4/2026 11:06:18,Bethelhem Mulugeta,Mining and Management ,5th year,251966235680,@betihuu,Returning Member,"Fiction, Non-Fiction, Mystery and Thriller, Sci-Fi and Fantasy, Romance, Biography and Memoir",Yes
10/4/2026 11:15:32,Danawit alemyehu addis ,Applied ,Fresh man,0939373523,Happy,New Member,"Non-Fiction, Biography and Memoir, History, Self help books ",Yes
10/4/2026 11:29:07,Aelaf Anteneh,Software,5th year,0903276121,BlitzKr1eg,New Member,"Fiction, Non-Fiction, Biography and Memoir, History",Yes
10/4/2026 11:41:11,Mikiyas Dejenu,Freshman,Fresh man,0940616565,@tough124,New Member,"Fiction, Sci-Fi and Fantasy, History",Maybe
10/4/2026 12:27:48,Shumet Tadess ,Food science and applied nutrition ,2nd year,O908649535,@honey12ht,New Member,"Fiction, Non-Fiction, Mystery and Thriller, Romance, Biography and Memoir, History",Yes
10/4/2026 12:31:49,Samuel Nigussie ,Electromechanical engineering ,4th year,0956693636,sami_smokey ,New Member,"Fiction, Mystery and Thriller",Yes
10/4/2026 13:49:49,Tigist Melese,Architecture,Fresh man,0901026437,Da_prodigy,New Member,"Fiction, Mystery and Thriller, Sci-Fi and Fantasy",Yes
10/4/2026 13:58:22,Natnael alehegn,Electrical ,5th year,0901253499,@natty_n1,Returning Member,"Fiction, Mystery and Thriller, Sci-Fi and Fantasy, Romance",Yes
10/4/2026 14:05:05,Selamawit Amsalu ,Food science and applied nutrition ,4th year,0919361956,@Anvarutenw,Returning Member,Fiction,Yes
10/4/2026 14:08:50,Wendmagegn Tajura,Software,5th year,0966061399,@Mark_9412,New Member,"Fiction, Non-Fiction, Mystery and Thriller, Sci-Fi and Fantasy, History",Yes
10/4/2026 14:29:03,HABIB MUHAMMED ALI ,software engineering ,Fresh man,0921992301,@Okjaanus1,New Member,History,Maybe
10/4/2026 14:36:11,Mamaru Kindie,ECE,5th year,0940712682,@Mame_k21,New Member,"Non-Fiction, Mystery and Thriller, Biography and Memoir, History, Personal development",Yes
10/4/2026 14:36:38,Mahider sewagegn ,Engineering ,Fresh man,0953124180,@Mahisew_23,New Member,"Fiction, Non-Fiction, Biography and Memoir",Yes
10/4/2026 14:48:23,Aman Mesfin,Engineering ,Fresh man,0949580806,@Amuyehh,New Member,"Fiction, Non-Fiction, Mystery and Thriller, Sci-Fi and Fantasy, Romance, Biography and Memoir, History",Yes
10/4/2026 15:06:31,Saron Desalegn Asfaw,Electrical and Computer Engineering ,4th year,0991876905,@EMMK45,New Member,History,Yes
10/4/2026 15:17:08,Abdurehman Ahmed,Engineering ,Fresh man,0940228686,M_aaher,New Member,"Non-Fiction, Sci-Fi and Fantasy, Biography and Memoir, Self- help",Yes
10/4/2026 15:20:23,Abrham Eyasu ,Electromechanical ,2nd year,0944255250,@eyuel_junior,New Member,"Mystery and Thriller, Romance, Biography and Memoir, History",Yes
10/4/2026 15:37:11,Haileleul Taddesse ,Civil,2nd year,0709450977,@THECLASSICBABA,Returning Member,"Fiction, Non-Fiction, Mystery and Thriller, Sci-Fi and Fantasy, History",Yes
10/4/2026 16:05:40,Misgana,Electrical and computer engineering ,5th year,0994158969,Phoenix_her,New Member,"Fiction, Sci-Fi and practical",Yes
10/4/2026 16:20:17,Yohannes Afework Feye,Freshman,Fresh man,0966462040,@Johna_12,New Member,"Non-Fiction, Business & Personal development",Yes
10/4/2026 16:43:18,Rediet Alemu,Fresh man,Fresh man,+251957141432,Gd41t,New Member,"Fiction, Non-Fiction, Sci-Fi and Fantasy",Yes
10/4/2026 16:48:41,Nuhamin Birhanesilassie,Engineering ,Fresh man,0977199371,nunu2136,New Member,"Fiction, Non-Fiction, Mystery and Thriller, Sci-Fi and Fantasy, Romance",Yes
10/4/2026 17:08:15,Eyerusalem solomon meried,1st year,Fresh man,0909103221,Iopbnc,New Member,"Fiction, Non-Fiction, Mystery and Thriller, Sci-Fi and Fantasy, Romance, Biography and Memoir, History",Yes
10/4/2026 17:25:48,Hiliyat,Biotechnology ,2nd year,0964210109,Hilu_87,New Member,Mystery and Thriller,Yes
10/4/2026 17:27:31,Seminat,Engineering ,Fresh man,0900200832,@rinsam,New Member,"Fiction, Mystery and Thriller, Sci-Fi and Fantasy, History",Maybe
10/4/2026 17:42:53,Selwa,Environmental engineering ,Fresh man,0953494344,@simply_selu67,New Member,Sci-Fi and Fantasy,Yes
10/4/2026 18:23:39,Gebeyehu Assefa,Unknown ,Fresh man,0960905800,@Mjrgabee,New Member,"Mystery and Thriller, Sci-Fi and Fantasy, Philosophy and spiritual ",Maybe
10/4/2026 18:53:23,Ebawak Gebisa,Software engineering ,5th year,+251909004058,@Ebu0g,New Member,"Fiction, Non-Fiction, Mystery and Thriller, Romance",Yes
10/4/2026 20:01:48,Etsegenet Nigusu Biru ,Applied science ,Fresh man,0958933130,@Elorakb,New Member,Fiction,Yes
10/4/2026 20:24:22,Melat Fikadu ,Electrical engineering ,3rd year,0970481269,@Melifsh,New Member,"Fiction, Non-Fiction, Mystery and Thriller, Sci-Fi and Fantasy, Romance",Yes
10/4/2026 20:28:59,Fikirte Alemayehu ,Software ,3rd year,0989853641,@fikir_a,New Member,"Fiction, Mystery and Thriller, Sci-Fi and Fantasy",Yes
10/4/2026 20:44:03,Yeweyinab Dereje,Engineering ,Fresh man,0966620336,@PDBYT,New Member,"Fiction, Sci-Fi and Fantasy, Biography and Memoir",Maybe
10/4/2026 20:48:40,Rediet Tesfaye,Software Engineering,3rd year,0916990720,@rediet_t_f,New Member,"Fiction, Mystery and Thriller, Sci-Fi and Fantasy, Romance",Yes
10/4/2026 21:03:58,Thomas Addisu,Software,4th year,0991007656,Jahtommy,New Member,Sci-Fi and Fantasy,Yes
10/4/2026 21:04:39,Melat Wendessen,Electromechanical Engineering ,Out of batch ,0935452165,@curio00,New Member,"Fiction, Non-Fiction, Mystery and Thriller, Sci-Fi and Fantasy, Romance",Yes
10/4/2026 21:39:09,Tinbite yonas,Engineering ,Fresh man,0924402250,Takamikeigo1234,New Member,"Fiction, Mystery and Thriller, Sci-Fi and Fantasy, History",Yes
10/4/2026 22:11:38,Tigst simachew,Engineering ,Fresh man,0989692241,@Mom122124,New Member,"Fiction, Romance, Biography and Memoir, History",Maybe
10/4/2026 22:16:12,Betelhem Belay ,Industrial chemistry ,Fresh man,0939589998,@bebe0327,New Member,"Fiction, Mystery and Thriller, Sci-Fi and Fantasy, Romance",Maybe
10/4/2026 22:17:22,Betelhem Belay ,Industrial chemistry ,Fresh man,0939589998,@bebe0327,New Member,"Fiction, Mystery and Thriller, Sci-Fi and Fantasy, Romance",Maybe
10/4/2026 22:20:51,Fitsum Badeg Assefa,ECE,4th year,0951946706,@Efnan_2197,New Member,"Fiction, Mystery and Thriller, Romance",Yes
10/4/2026 22:27:53,Newal Muktar,Engineering ,Fresh man,0986305766,@Alhamdulilah_08,New Member,Fiction,Yes
10/5/2026 6:18:43,Yetmwork Behailu,Industrial Chemistry ,4th year,0965939281,@Yetm1,New Member,Fiction,Maybe
10/5/2026 6:54:40,Saron,Engineering ,Fresh man,0908794553,lukabed_25,New Member,"Fiction, Mystery and Thriller, Sci-Fi and Fantasy, Romance",Maybe
10/5/2026 7:56:39,Hayat Ahmed,Architecture ,4th year,0977005587,Hay_ahm,New Member,"Fiction, Mystery and Thriller, Romance",Yes
10/5/2026 8:00:17,Rediet Abiyot Teklay ,Architecture ,Fresh man,0913706355,@gotta_skip,New Member,"Fiction, Mystery and Thriller, Romance",Yes
10/5/2026 11:44:44,Fitsum Abraham,Applied science ,Fresh man,0954774467,@F7SUM,New Member,Fiction,Maybe
10/5/2026 12:13:36,Nahom Yiheyis,Engineering ,Fresh man,0962068705,darknblue,New Member,"Fiction, Non-Fiction, Biography and Memoir, History",Yes
10/5/2026 13:14:31,Hayat Zeynu ,Software Engineering ,4th year,0935615149,@yuti_amz,New Member,"Non-Fiction, Sci-Fi and Fantasy, Biography and Memoir, History",Maybe
10/5/2026 17:09:02,Amy Ayele Taye,Applied science,Fresh man,0987160670,@amy_aims,New Member,"Fiction, Mystery and Thriller, Romance",Yes
10/5/2026 18:38:14,Biftu Diba ,Food Science and Nutrition ,2nd year,0900639785,@theylovevidaa,New Member,"Fiction, Non-Fiction, Sci-Fi and Fantasy, Romance, History",Yes
10/5/2026 18:55:28,Yeabsira Alem ,Applied science ,Fresh man,0998873858,@cyharbiusta,New Member,"Fiction, Romance",Yes
10/6/2026 9:50:53,Aschalew Zewdu,Mechanical Engineering,2nd year,+25199011877,asche19_19,New Member,"Fiction, Non-Fiction, Mystery and Thriller, Sci-Fi and Fantasy, Romance, Biography and Memoir, History",Yes
10/6/2026 10:30:28,Hiyawit kibrekulu ,Fresh,Fresh man,0918733673,@nocturnal_stanley,New Member,"Fiction, Mystery and Thriller, Sci-Fi and Fantasy, Romance",Yes
10/6/2026 11:06:59,Habtamu Dereje,Applied,Fresh man,0901902838,@HD13hab13,New Member,"Fiction, Mystery and Thriller, Sci-Fi and Fantasy, Biography and Memoir",Yes
10/6/2026 12:22:41,Haleta Mekuria,Chemical,2nd year,0929129857,@cadeau120,New Member,Sci-Fi and Fantasy,Maybe
10/6/2026 12:24:50,Fenan,Mechanical engineering ,2nd year,0949001275,Chaos107,Returning Member,History,Yes
10/6/2026 15:18:40,Yanet shimelis,Freshman,Fresh man,0968384764,@janetmin,New Member,Non-Fiction,Yes
10/6/2026 16:15:02,Dagim Maru ,Engineering ,Fresh man,0975422706,@lm10dag,New Member,"Fiction, Mystery and Thriller, Sci-Fi and Fantasy",Yes
10/6/2026 16:32:01,Mikiyas kassahun ,Engineering ,Fresh man,0925818427,@matan3e4,New Member,"Fiction, Mystery and Thriller, Sci-Fi and Fantasy",Yes
10/6/2026 16:46:58,Ermyas Getachew Wurgessa,Freshman ,Fresh man,0974605455,@Ermy4s,New Member,"Fiction, Non-Fiction, Mystery and Thriller, Sci-Fi and Fantasy, Romance, Biography and Memoir",Yes
10/6/2026 18:02:43,Saron Endale Chaka,Chemical Engineering ,2nd year,0953889863,@Life_spade,New Member,"Fiction, Non-Fiction, Mystery and Thriller, Sci-Fi and Fantasy, Romance, Biography and Memoir",Yes
10/6/2026 20:33:51,Arsema Alemu,ECE,2nd year,0974379930,TETH_AMEN,New Member,"Fiction, History",Yes
10/6/2026 21:13:11,Yanet muluken ,Applied ,Fresh man,0930724526,Askalech12,New Member,"Fiction, Mystery and Thriller, Romance, Biography and Memoir",Yes
